Workbook

Sheet Cleaned Data
A1: Player | B1: Character | C1: Track | D1: Lap Time (s) | E1: Coins | F1: Deaths | G1: Powerup Used | H1: Session Date | I1: Device | J1: Notes
A2: Aarav | B2: Mario | C2: Rainbow Road | D2: 78.4 | E2: 42 | F2: 1 | G2: Mushroom | H2: 46113 | I2: Switch | J2: first try
A3: Aarav | B3: Mario | C3: Rainbow Road | D3: 76.9 | E3: 45 | F3: 0 | G3: Mushroom | H3: 46114 | I3: Switch
A4: Priya | B4: Luigi | C4: Rainbow Road | D4: 82.1 | E4: 38 | F4: 2 | G4: Star | H4: 46114 | I4: Switch
A5: Priya | B5: Luigi | C5: Rainbow Road | D5: 80 | F5: 1 | G5: Star | H5: 46114 | I5: Switch | J5: controller lag?
A6: Rohan | B6: Peach | C6: Bowser Castle | D6: 95.6 | E6: 29 | F6: 4 | G6: Shell | H6: 46113 | I6: Pc | J6: tough level
A7: Rohan | B7: Peach | C7: Bowser Castle | D7: 91.2 | E7: 33 | F7: 3 | G7: Shell | H7: 46113 | I7: Pc
A8: Sara | B8: Yoshi | C8: Moo Moo Meadows | D8: 61.3 | E8: 50 | F8: 0 | G8: Banana | H8: 46115 | I8: Switch | J8: clean run
A9: Sara | B9: Yoshi | C9: Moo Moo Meadows | D9: 59.8 | E9: 55 | F9: 0 | G9: Banana | H9: 46115 | I9: Switch
A10: Kabir | B10: Bowser | C10: Moo Moo Meadows | D10: 68.9 | E10: 31 | F10: 1 | H10: 46115 | I10: Mobile
A11: Kabir | B11: Bowser | C11: Moo Moo Meadows | D11: 70.2 | F11: 2 | G11: Shell | H11: 46115 | I11: Mobile | J11: laggy wifi
A12: Aarav | B12: Mario | C12: Bowser Castle | D12: 102.5 | E12: 22 | F12: 5 | G12: Star | H12: 46116 | I12: Switch | J12: struggled here
A13: Aarav | B13: Mario | C13: Bowser Castle | D13: 98 | E13: 27 | F13: 4 | G13: Star | H13: 46116 | I13: Switch
A14: Priya | B14: Luigi | C14: Moo Moo Meadows | D14: 58.2 | E14: 48 | F14: 0 | G14: Banana | H14: 46116 | I14: Switch
A15: Priya | B15: Luigi | C15: Moo Moo Meadows | D15: 57.9 | E15: 50 | F15: 0 | G15: Banana | H15: 46116 | I15: Switch | J15: best run yet
A16: Meera | B16: Toad | C16: Rainbow Road | D16: 85.7 | E16: 36 | F16: 2 | G16: Mushroom | H16: 46117 | I16: Pc
A17: Meera | B17: Toad | C17: Rainbow Road | D17: 83.1 | E17: 40 | F17: 1 | G17: Mushroom | H17: 46146 | I17: Pc
A18: Rohan | B18: Peach | C18: Moo Moo Meadows | D18: 63.4 | E18: 44 | F18: 1 | G18: Banana | H18: 46117 | I18: Pc
A19: Rohan | B19: Peach | C19: Moo Moo Meadows | D19: 62 | E19: 46 | F19: 0 | G19: Banana | H19: 46117 | I19: Pc | J19: nice recovery
A20: Sara | B20: Yoshi | C20: Bowser Castle | D20: 99.1 | E20: 25 | F20: 3 | G20: Shell | H20: 46118 | I20: Switch
A21: Sara | B21: Yoshi | C21: Bowser Castle | D21: 96.5 | E21: 28 | F21: 3 | G21: Shell | H21: 46118 | I21: Switch
A22: Kabir | B22: Bowser | C22: Rainbow Road | D22: 88.3 | E22: 33 | F22: 2 | G22: Star | H22: 46118 | I22: Mobile
A23: Kabir | B23: Bowser | C23: Rainbow Road | D23: 85 | E23: 35 | F23: 2 | G23: Star | H23: 46118 | I23: Mobile | J23: phone overheated
A24: Aarav | B24: Mario | C24: Moo Moo Meadows | D24: 55.6 | E24: 52 | F24: 0 | G24: Banana | H24: 46119 | I24: Switch | J24: personal best
A25: Aarav | B25: Mario | C25: Moo Moo Meadows | E25: 50 | F25: 0 | G25: Banana | H25: 46119 | I25: Switch
A26: Meera | B26: Toad | C26: Bowser Castle | D26: 105.2 | E26: 20 | F26: 5 | G26: Shell | H26: 46119 | I26: Pc | J26: rough one
A27: Meera | B27: Toad | C27: Bowser Castle | D27: 100.8 | E27: 24 | F27: 4 | G27: Shell | H27: 46119 | I27: Pc
A28: Priya | B28: Luigi | C28: Bowser Castle | D28: 93.4 | E28: 30 | F28: 3 | G28: Star | H28: 46120 | I28: Switch
A29: Priya | B29: Luigi | C29: Bowser Castle | D29: 90.1 | E29: 32 | F29: 2 | G29: Star | H29: 46120 | I29: Switch
A30: Rohan | B30: Peach | C30: Rainbow Road | D30: 79.9 | E30: 41 | F30: 1 | G30: Mushroom | H30: 46120 | I30: Pc
A31: Rohan | B31: Peach | C31: Rainbow Road | D31: 77.2 | E31: 43 | F31: 1 | G31: Mushroom | H31: 46120 | I31: Pc | J31: close finish
A32: Sara | B32: Yoshi | C32: Rainbow Road | D32: 74.5 | E32: 47 | F32: 0 | G32: Mushroom | H32: 46121 | I32: Switch
A33: Sara | B33: Yoshi | C33: Rainbow Road | D33: 72 | E33: 49 | F33: 0 | G33: Mushroom | H33: 46121 | I33: Switch | J33: great lap
A34: Kabir | B34: Bowser | C34: Bowser Castle | D34: 110.4 | E34: 18 | F34: 6 | H34: 46121 | I34: Mobile | J34: gave up halfway
A35: Kabir | B35: Bowser | C35: Bowser Castle | D35: 108 | E35: 19 | F35: 5 | G35: Shell | H35: 46121 | I35: Mobile
A36: Meera | B36: Toad | C36: Moo Moo Meadows | D36: 60.7 | E36: 45 | F36: 1 | G36: Banana | H36: 46122 | I36: Pc
A37: Meera | B37: Toad | C37: Moo Moo Meadows | D37: 58.9 | E37: 47 | F37: 0 | G37: Banana | H37: 46122 | I37: Pc | J37: smooth ride

Sheet Insights Summary
A1: Mario Game Session Log — Insights Summary
A3: Average lap time & deaths by track
A5: Track | B5: Sessions | C5: Avg Lap Time (s) | D5: Avg Deaths
A6: Rainbow Road | B6: =COUNTIF('Cleaned Data'!C2:C37,A6) -> 12 | C6: =ROUND(AVERAGEIF('Cleaned Data'!C2:C37,A6,'Cleaned Data'!D2:D37),1) -> 80.3 | D6: =ROUND(AVERAGEIF('Cleaned Data'!C2:C37,A6,'Cleaned Data'!F2:F37),2) -> 1.08
A7: Bowser Castle | B7: =COUNTIF('Cleaned Data'!C2:C37,A7) -> 12 | C7: =ROUND(AVERAGEIF('Cleaned Data'!C2:C37,A7,'Cleaned Data'!D2:D37),1) -> 99.2 | D7: =ROUND(AVERAGEIF('Cleaned Data'!C2:C37,A7,'Cleaned Data'!F2:F37),2) -> 3.92
A8: Moo Moo Meadows | B8: =COUNTIF('Cleaned Data'!C2:C37,A8) -> 12 | C8: =ROUND(AVERAGEIF('Cleaned Data'!C2:C37,A8,'Cleaned Data'!D2:D37),1) -> 61.5 | D8: =ROUND(AVERAGEIF('Cleaned Data'!C2:C37,A8,'Cleaned Data'!F2:F37),2) -> 0.42
A10: Character performance
A11: Character | B11: Sessions | C11: Avg Lap Time (s) | D11: Total Coins
A12: Bowser | B12: =COUNTIF('Cleaned Data'!B2:B37,A12) -> 6 | C12: =ROUND(AVERAGEIF('Cleaned Data'!B2:B37,A12,'Cleaned Data'!D2:D37),1) -> 88.5 | D12: =SUMIF('Cleaned Data'!B2:B37,A12,'Cleaned Data'!E2:E37) -> 136
A13: Luigi | B13: =COUNTIF('Cleaned Data'!B2:B37,A13) -> 6 | C13: =ROUND(AVERAGEIF('Cleaned Data'!B2:B37,A13,'Cleaned Data'!D2:D37),1) -> 77 | D13: =SUMIF('Cleaned Data'!B2:B37,A13,'Cleaned Data'!E2:E37) -> 198
A14: Mario | B14: =COUNTIF('Cleaned Data'!B2:B37,A14) -> 6 | C14: =ROUND(AVERAGEIF('Cleaned Data'!B2:B37,A14,'Cleaned Data'!D2:D37),1) -> 82.3 | D14: =SUMIF('Cleaned Data'!B2:B37,A14,'Cleaned Data'!E2:E37) -> 238
A15: Peach | B15: =COUNTIF('Cleaned Data'!B2:B37,A15) -> 6 | C15: =ROUND(AVERAGEIF('Cleaned Data'!B2:B37,A15,'Cleaned Data'!D2:D37),1) -> 78.2 | D15: =SUMIF('Cleaned Data'!B2:B37,A15,'Cleaned Data'!E2:E37) -> 236
A16: Toad | B16: =COUNTIF('Cleaned Data'!B2:B37,A16) -> 6 | C16: =ROUND(AVERAGEIF('Cleaned Data'!B2:B37,A16,'Cleaned Data'!D2:D37),1) -> 82.4 | D16: =SUMIF('Cleaned Data'!B2:B37,A16,'Cleaned Data'!E2:E37) -> 212
A17: Yoshi | B17: =COUNTIF('Cleaned Data'!B2:B37,A17) -> 6 | C17: =ROUND(AVERAGEIF('Cleaned Data'!B2:B37,A17,'Cleaned Data'!D2:D37),1) -> 77.2 | D17: =SUMIF('Cleaned Data'!B2:B37,A17,'Cleaned Data'!E2:E37) -> 254

Sheet Data Quality Notes
A1: Data quality issues found in the raw CSV
A3: 1. Inconsistent capitalization in player and character names (e.g. 'Mario', 'mario', 'MARIO').
A4: 2. Leading/trailing whitespace in some player names (e.g. ' Rohan').
A5: 3. Three different spellings for the same track ('Rainbow Road', 'Rainbow Rd', 'Rainbow raod').
A6: 4. Lap times mixed between plain seconds ('78.4') and mm:ss.s format ('1:16.9').
A7: 5. Session dates in three different formats (YYYY-MM-DD, M/D/YYYY, DD-MM-YYYY).
A8: 6. Missing values in Coins, Deaths, and Powerup Used columns for several rows.
A9: 7. One exact duplicate row (Rohan / Peach / Bowser Castle / 2026-04-01) removed during cleaning.
A10: 8. Device names inconsistently capitalized ('switch' vs 'Switch').
